Source,Target,Lag,MCI_Value,P_Value
AH,T,0,0.11449219717247436,0.0026148047623631384
AH,T,1,-0.1455509722975662,0.0001260565843304852
T,AH,0,0.11449219717247436,0.0026148047623631384
$O_3$,AH,0,-0.5604088775442643,3.1486836343852772e-58
AH,$O_3$,0,-0.5604088775442643,3.1486836343852772e-58
AH,$O_3$,1,0.07930601087353908,0.0376952173267464
$Flu_A$,$O_3$,0,-0.08474330785838023,0.026452125473427825
$O_3$,$Flu_A$,0,-0.08474330785838023,0.026452125473427825
