Source,Target,Lag,MCI_Value,P_Value
AH,T,0,0.11449219717247436,0.0026148047623631384
AH,T,1,-0.1455509722975662,0.0001260565843304852
$SO_2$,T,0,-0.2326091589599022,6.804087117575507e-10
T,AH,0,0.11449219717247436,0.0026148047623631384
$SO_2$,AH,0,-0.3112244701379691,6.778895965491417e-17
$Flu_A$,AH,0,0.0835493552993731,0.028312835450404222
T,$SO_2$,0,-0.2326091589599022,6.804087117575507e-10
AH,$SO_2$,0,-0.3112244701379691,6.778895965491417e-17
AH,$Flu_A$,0,0.0835493552993731,0.028312835450404222
