Source,Target,Lag,MCI_Value,P_Value
AH,T,0,0.25507591418169956,1.396499318467662e-08
$SO_2$,T,0,0.13376907799865423,0.0032563431743312
T,AH,0,0.25507591418169956,1.396499318467662e-08
$SO_2$,AH,0,-0.4344120146183888,1.469059573381324e-23
T,$SO_2$,0,0.13376907799865423,0.0032563431743312
T,$SO_2$,1,-0.1999322179632957,9.955748727238771e-06
AH,$SO_2$,0,-0.4344120146183888,1.469059573381324e-23
T,$Flu_B$,1,-0.2011804397245584,8.927452614050539e-06
