Source,Target,Lag,MCI_Value,P_Value
AH,T,0,0.25507591418169956,1.396499318467662e-08
T,AH,0,0.25507591418169956,1.396499318467662e-08
$NO_2$,AH,0,-0.30163863568522714,1.4868969197930522e-11
$Flu_A$,AH,0,0.15809106879122484,0.0005150304470994283
T,$NO_2$,1,-0.2806549857042684,3.873490302148924e-10
T,$NO_2$,4,-0.09272139267910125,0.042521880405430965
AH,$NO_2$,0,-0.30163863568522714,1.4868969197930522e-11
T,$Flu_A$,4,-0.10069502255142292,0.02738575814803232
AH,$Flu_A$,0,0.15809106879122484,0.0005150304470994283
