Source,Target,Lag,MCI_Value,P_Value
AH,T,0,0.25507591418169956,1.396499318467662e-08
$CO$,T,0,-0.18415247624193684,4.843135361422036e-05
T,AH,0,0.25507591418169956,1.396499318467662e-08
$Flu_A$,AH,0,0.15809106879122484,0.0005150304470994283
T,$CO$,0,-0.18415247624193684,4.843135361422036e-05
T,$Flu_A$,4,-0.10069502255142292,0.02738575814803232
AH,$Flu_A$,0,0.15809106879122484,0.0005150304470994283
